{
    "0": {
        "precision": 0.9662698412698413,
        "recall": 0.9938775510204082,
        "f1-score": 0.9798792756539235,
        "support": 980.0
    },
    "1": {
        "precision": 0.9577345731191885,
        "recall": 0.9982378854625551,
        "f1-score": 0.9775668679896462,
        "support": 1135.0
    },
    "2": {
        "precision": 0.9822485207100592,
        "recall": 0.9651162790697675,
        "f1-score": 0.9736070381231672,
        "support": 1032.0
    },
    "3": {
        "precision": 0.9634748272458046,
        "recall": 0.9663366336633663,
        "f1-score": 0.9649036085022245,
        "support": 1010.0
    },
    "4": {
        "precision": 0.9753593429158111,
        "recall": 0.9674134419551935,
        "f1-score": 0.9713701431492843,
        "support": 982.0
    },
    "5": {
        "precision": 0.9662542182227222,
        "recall": 0.9630044843049327,
        "f1-score": 0.9646266142616507,
        "support": 892.0
    },
    "6": {
        "precision": 0.9833333333333333,
        "recall": 0.9853862212943633,
        "f1-score": 0.9843587069864442,
        "support": 958.0
    },
    "7": {
        "precision": 0.9649464459591042,
        "recall": 0.9640077821011673,
        "f1-score": 0.9644768856447689,
        "support": 1028.0
    },
    "8": {
        "precision": 0.9891774891774892,
        "recall": 0.9383983572895277,
        "f1-score": 0.9631190727081138,
        "support": 974.0
    },
    "9": {
        "precision": 0.9603174603174603,
        "recall": 0.9593657086223984,
        "f1-score": 0.9598413485374319,
        "support": 1009.0
    },
    "accuracy": 0.9705,
    "macro avg": {
        "precision": 0.9709116052270813,
        "recall": 0.9701144344783679,
        "f1-score": 0.9703749561556656,
        "support": 10000.0
    },
    "weighted avg": {
        "precision": 0.9706882342922246,
        "recall": 0.9705,
        "f1-score": 0.9704523390961245,
        "support": 10000.0
    }
}