{
    "0": {
        "precision": 0.9680957128614157,
        "recall": 0.9908163265306122,
        "f1-score": 0.9793242561775088,
        "support": 980.0
    },
    "1": {
        "precision": 0.9877300613496932,
        "recall": 0.9929515418502203,
        "f1-score": 0.9903339191564148,
        "support": 1135.0
    },
    "2": {
        "precision": 0.9616122840690979,
        "recall": 0.9709302325581395,
        "f1-score": 0.9662487945998072,
        "support": 1032.0
    },
    "3": {
        "precision": 0.9633300297324083,
        "recall": 0.9623762376237623,
        "f1-score": 0.962852897473997,
        "support": 1010.0
    },
    "4": {
        "precision": 0.9744897959183674,
        "recall": 0.9725050916496945,
        "f1-score": 0.9734964322120285,
        "support": 982.0
    },
    "5": {
        "precision": 0.9761634506242906,
        "recall": 0.9641255605381166,
        "f1-score": 0.970107163000564,
        "support": 892.0
    },
    "6": {
        "precision": 0.9760416666666667,
        "recall": 0.9780793319415448,
        "f1-score": 0.9770594369134515,
        "support": 958.0
    },
    "7": {
        "precision": 0.971540726202159,
        "recall": 0.9630350194552529,
        "f1-score": 0.9672691744015632,
        "support": 1028.0
    },
    "8": {
        "precision": 0.9617373319544984,
        "recall": 0.9548254620123203,
        "f1-score": 0.9582689335394127,
        "support": 974.0
    },
    "9": {
        "precision": 0.9629258517034068,
        "recall": 0.9524281466798811,
        "f1-score": 0.9576482311908321,
        "support": 1009.0
    },
    "accuracy": 0.9705,
    "macro avg": {
        "precision": 0.9703666911082005,
        "recall": 0.9702072950839545,
        "f1-score": 0.970260923866558,
        "support": 10000.0
    },
    "weighted avg": {
        "precision": 0.970495753186874,
        "recall": 0.9705,
        "f1-score": 0.9704722695987773,
        "support": 10000.0
    }
}