{
    "0": {
        "precision": 0.9798590130916415,
        "recall": 0.9928571428571429,
        "f1-score": 0.9863152559553978,
        "support": 980.0
    },
    "1": {
        "precision": 0.9885864793678666,
        "recall": 0.9920704845814978,
        "f1-score": 0.990325417766051,
        "support": 1135.0
    },
    "2": {
        "precision": 0.9757516973811833,
        "recall": 0.9748062015503876,
        "f1-score": 0.9752787203102278,
        "support": 1032.0
    },
    "3": {
        "precision": 0.9745347698334965,
        "recall": 0.9851485148514851,
        "f1-score": 0.9798129000492368,
        "support": 1010.0
    },
    "4": {
        "precision": 0.9815950920245399,
        "recall": 0.9775967413441955,
        "f1-score": 0.9795918367346939,
        "support": 982.0
    },
    "5": {
        "precision": 0.986409966024915,
        "recall": 0.976457399103139,
        "f1-score": 0.9814084507042253,
        "support": 892.0
    },
    "6": {
        "precision": 0.9853862212943633,
        "recall": 0.9853862212943633,
        "f1-score": 0.9853862212943633,
        "support": 958.0
    },
    "7": {
        "precision": 0.9755142017629774,
        "recall": 0.9688715953307393,
        "f1-score": 0.972181551976574,
        "support": 1028.0
    },
    "8": {
        "precision": 0.9713701431492843,
        "recall": 0.9753593429158111,
        "f1-score": 0.9733606557377049,
        "support": 974.0
    },
    "9": {
        "precision": 0.9709418837675351,
        "recall": 0.9603567888999008,
        "f1-score": 0.9656203288490284,
        "support": 1009.0
    },
    "accuracy": 0.979,
    "macro avg": {
        "precision": 0.9789949467697804,
        "recall": 0.9788910432728661,
        "f1-score": 0.9789281339377502,
        "support": 10000.0
    },
    "weighted avg": {
        "precision": 0.9789990905765058,
        "recall": 0.979,
        "f1-score": 0.9789849316041395,
        "support": 10000.0
    }
}