{
    "0": {
        "precision": 0.9464285714285714,
        "recall": 0.9734693877551021,
        "f1-score": 0.959758551307847,
        "support": 980.0
    },
    "1": {
        "precision": 0.9559965487489215,
        "recall": 0.9762114537444934,
        "f1-score": 0.9659982563208369,
        "support": 1135.0
    },
    "2": {
        "precision": 0.9174219536757301,
        "recall": 0.8827519379844961,
        "f1-score": 0.899753086419753,
        "support": 1032.0
    },
    "3": {
        "precision": 0.8984375,
        "recall": 0.9108910891089109,
        "f1-score": 0.904621435594887,
        "support": 1010.0
    },
    "4": {
        "precision": 0.9322381930184805,
        "recall": 0.924643584521385,
        "f1-score": 0.9284253578732107,
        "support": 982.0
    },
    "5": {
        "precision": 0.9038004750593824,
        "recall": 0.8531390134529148,
        "f1-score": 0.8777393310265282,
        "support": 892.0
    },
    "6": {
        "precision": 0.9401444788441693,
        "recall": 0.9509394572025052,
        "f1-score": 0.945511157239232,
        "support": 958.0
    },
    "7": {
        "precision": 0.9301181102362205,
        "recall": 0.919260700389105,
        "f1-score": 0.9246575342465754,
        "support": 1028.0
    },
    "8": {
        "precision": 0.8579940417080437,
        "recall": 0.8870636550308009,
        "f1-score": 0.8722867238768299,
        "support": 974.0
    },
    "9": {
        "precision": 0.9126984126984127,
        "recall": 0.9117938553022795,
        "f1-score": 0.9122459097669806,
        "support": 1009.0
    },
    "accuracy": 0.9202,
    "macro avg": {
        "precision": 0.9195278285417932,
        "recall": 0.9190164134491992,
        "f1-score": 0.9190997343672681,
        "support": 10000.0
    },
    "weighted avg": {
        "precision": 0.9201824066412377,
        "recall": 0.9202,
        "f1-score": 0.9200252446900596,
        "support": 10000.0
    }
}